matched_url,attribute,tag,page_link,label
https://img.wiki3.jp/nikke/Neon_Vision_Eye_icon_size64.webp,src,img,https://wiki3.jp/nikke/page/8443,ネオン：ビジョン・アイ
https://img.wiki3.jp/nikke/Mint_icon_size64.webp,src,img,https://wiki3.jp/nikke/page/8546,ミント
https://img.wiki3.jp/nikke/EVE_icon_size64.webp,src,img,https://wiki3.jp/nikke/page/7132,イヴ
https://img.wiki3.jp/nikke/RAVEN_icon_size64.webp,src,img,https://wiki3.jp/nikke/page/7134,レイヴン
https://img.wiki3.jp/nikke/Prika_icon_size64.webp,src,img,https://wiki3.jp/nikke/page/8550,プリカ
https://img.wiki3.jp/nikke/Anis_Star_icon_size64.webp,src,img,https://wiki3.jp/nikke/page/8434,
https://img.wiki3.jp/nikke/Avistar_icon_size64.webp,src,img,https://wiki3.jp/nikke/page/8442,
https://img.wiki3.jp/nikke/Moran_Treasure_icon_size64.webp,src,img,https://wiki3.jp/nikke/page/4292,
https://img.wiki3.jp/nikke/Privaty_Treasure_icon_size64.webp,src,img,https://wiki3.jp/nikke/page/42,
https://img.wiki3.jp/nikke/Zwei_Treasure_icon_size64.webp,src,img,https://wiki3.jp/nikke/page/5613,
https://img.wiki3.jp/nikke/Centi_Treasure_icon_size64.webp,src,img,https://wiki3.jp/nikke/page/46,
https://img.wiki3.jp/nikke/リター_Icon_size64.png,src,img,https://wiki3.jp/nikke/page/206,リター
https://img.wiki3.jp/nikke/Rouge_icon_size64.png,src,img,https://wiki3.jp/nikke/page/5876,ルージュ
https://img.wiki3.jp/nikke/Little_Mermaid_icon_size64.webp,src,img,https://wiki3.jp/nikke/page/6826,リトルマーメイド
https://img.wiki3.jp/nikke/Tove_Treasure_icon_size64.webp,src,img,https://wiki3.jp/nikke/page/4107,トーブ
https://img.wiki3.jp/nikke/Miranda_Treasure_icon_size64.webp,src,img,https://wiki3.jp/nikke/page/18,ミランダ
https://img.wiki3.jp/nikke/Moran_Treasure_icon_size64.webp,src,img,https://wiki3.jp/nikke/page/4292,モラン
https://img.wiki3.jp/nikke/Zwei_Treasure_icon_size64.webp,src,img,https://wiki3.jp/nikke/page/5613,ツバイ
https://img.wiki3.jp/nikke/Anis_Star_icon_size64.webp,src,img,https://wiki3.jp/nikke/page/8434,アニス：スター
https://img.wiki3.jp/nikke/Crown_icon_size64.png,src,img,https://wiki3.jp/nikke/page/4929,クラウン
https://img.wiki3.jp/nikke/Nayuta_icon_size64.webp,src,img,https://wiki3.jp/nikke/page/7669,ナユタ
https://img.wiki3.jp/nikke/Cinderella_icon_size64.png,src,img,https://wiki3.jp/nikke/page/6022,シンデレラ
https://img.wiki3.jp/nikke/Liberalio_icon_size64.webp,src,img,https://wiki3.jp/nikke/page/7672,リバーレリオ
https://img.wiki3.jp/nikke/Helm_Treasure_icon_size64.webp,src,img,https://wiki3.jp/nikke/page/227,ヘルム
https://img.wiki3.jp/nikke/Privaty_Treasure_icon_size64.webp,src,img,https://wiki3.jp/nikke/page/42,プリバティ
https://img.wiki3.jp/nikke/Neon_Vision_Eye_icon_size64.webp,src,img,https://wiki3.jp/nikke/page/8443,ネオン：ビジョン・アイ
https://img.wiki3.jp/nikke/Snow_White_Heavy_Arms_icon_size64.webp,src,img,https://wiki3.jp/nikke/page/7902,スノーホワイト：ヘビーアームズ
https://img.wiki3.jp/nikke/Mast_Romantic_Maid_icon_size64.webp,src,img,https://wiki3.jp/nikke/page/6383,マスト：ロマンチックメイド
https://img.wiki3.jp/nikke/Anchor_Innocent_Maid_icon_size64.webp,src,img,https://wiki3.jp/nikke/page/6385,アンカー：イノセントメイド
https://img.wiki3.jp/nikke/Naga_icon_size64.png,src,img,https://wiki3.jp/nikke/page/3648,ナガ
https://img.wiki3.jp/nikke/ティア_icon_size64.png,src,img,https://wiki3.jp/nikke/page/3649,ティア
https://img.wiki3.jp/nikke/ブラン_icon_size64.png,src,img,https://wiki3.jp/nikke/page/2917,ブラン
https://img.wiki3.jp/nikke/Rouge_icon_size64.png,src,img,https://wiki3.jp/nikke/page/5876,ルージュ
https://img.wiki3.jp/nikke/ノワール_icon_size64.png,src,img,https://wiki3.jp/nikke/page/2938,ノワール
https://img.wiki3.jp/nikke/リター_Icon_size64.png,src,img,https://wiki3.jp/nikke/page/206,リター
https://img.wiki3.jp/nikke/D_Killer_Wife_icon_size64.png,src,img,https://wiki3.jp/nikke/page/4567,D：キラーワイフ
https://img.wiki3.jp/nikke/Rouge_icon_size64.png,src,img,https://wiki3.jp/nikke/page/5876,ルージュ
https://img.wiki3.jp/nikke/ボリューム_Icon_size64.png,src,img,https://wiki3.jp/nikke/page/54,ボリューム
https://img.wiki3.jp/nikke/サクラ_Icon_size64.png,src,img,https://wiki3.jp/nikke/page/2574,サクラ
https://img.wiki3.jp/nikke/ドロシー_Icon_size64.png,src,img,https://wiki3.jp/nikke/page/2711,ドロシー
https://img.wiki3.jp/nikke/Rapi_Red_Hood_icon_size64.png,src,img,https://wiki3.jp/nikke/page/6257,ラピ：レッドフード
https://img.wiki3.jp/nikke/Little_Mermaid_icon_size64.webp,src,img,https://wiki3.jp/nikke/page/6826,リトルマーメイド
https://img.wiki3.jp/nikke/Rapi_Red_Hood_icon_size64.png,src,img,https://wiki3.jp/nikke/page/6257,
https://img.wiki3.jp/nikke/Little_Mermaid_icon_size64.webp,src,img,https://wiki3.jp/nikke/page/6826,
https://img.wiki3.jp/nikke/Anis_Star_icon_size64.webp,src,img,https://wiki3.jp/nikke/page/8434,
https://img.wiki3.jp/nikke/Moran_Treasure_icon_size64.webp,src,img,https://wiki3.jp/nikke/page/4292,
https://img.wiki3.jp/nikke/リター_Icon_size64.png,src,img,https://wiki3.jp/nikke/page/206,
https://img.wiki3.jp/nikke/Rouge_icon_size64.png,src,img,https://wiki3.jp/nikke/page/5876,
https://img.wiki3.jp/nikke/D_Killer_Wife_icon_size64.png,src,img,https://wiki3.jp/nikke/page/4567,
https://img.wiki3.jp/nikke/ボリューム_Icon_size64.png,src,img,https://wiki3.jp/nikke/page/54,
https://img.wiki3.jp/nikke/ドラー_Icon_size64.png,src,img,https://wiki3.jp/nikke/page/211,ドラー
https://img.wiki3.jp/nikke/ヘルム_アクアマリン_icon_size64.png,src,img,https://wiki3.jp/nikke/page/3276,ヘルム：アクアマリン
https://img.wiki3.jp/nikke/エマ_Icon_size64.png,src,img,https://wiki3.jp/nikke/page/34,エマ
https://img.wiki3.jp/nikke/プリバティ_Icon_size64.png,src,img,https://wiki3.jp/nikke/page/42,プリバティ
https://img.wiki3.jp/nikke/シグナル_Icon_size64.png,src,img,https://wiki3.jp/nikke/page/16,シグナル
https://img.wiki3.jp/nikke/ポリ_Icon_size64.png,src,img,https://wiki3.jp/nikke/page/17,ポリ
https://img.wiki3.jp/nikke/ミランダ_Icon_size64.png,src,img,https://wiki3.jp/nikke/page/18,ミランダ
https://img.wiki3.jp/nikke/ブリッド_Icon_size64.png,src,img,https://wiki3.jp/nikke/page/43,ブリッド
https://img.wiki3.jp/nikke/ソリン_Icon_size64.png,src,img,https://wiki3.jp/nikke/page/21,ソリン
https://img.wiki3.jp/nikke/ディーゼル_Icon_size64.png,src,img,https://wiki3.jp/nikke/page/33,ディーゼル
https://img.wiki3.jp/nikke/ベスティー_Icon_size64.png,src,img,https://wiki3.jp/nikke/page/204,ベスティー
https://img.wiki3.jp/nikke/ウンファ_Icon_size64.png,src,img,https://wiki3.jp/nikke/page/36,ウンファ
https://img.wiki3.jp/nikke/ギロチン_Icon_size64.png,src,img,https://wiki3.jp/nikke/page/41,ギロチン
https://img.wiki3.jp/nikke/メイデン_Icon_size64.png,src,img,https://wiki3.jp/nikke/page/205,メイデン
https://img.wiki3.jp/nikke/D_icon_size64.png,src,img,https://wiki3.jp/nikke/page/2650,D
https://img.wiki3.jp/nikke/ヘルム_Icon_size64.png,src,img,https://wiki3.jp/nikke/page/227,ヘルム
https://img.wiki3.jp/nikke/マスト_icon_size64.png,src,img,https://wiki3.jp/nikke/page/3215,マスト
https://img.wiki3.jp/nikke/マルチャーナ_icon_size64.png,src,img,https://wiki3.jp/nikke/page/3633,マルチャーナ
https://img.wiki3.jp/nikke/Quiry_icon_size64.png,src,img,https://wiki3.jp/nikke/page/3748,キリ
https://img.wiki3.jp/nikke/Privaty_Unkind_Maid_icon_size64.png,src,img,https://wiki3.jp/nikke/page/4358,プリバティ：アンカインド・メイド
https://img.wiki3.jp/nikke/Zwei_icon_size64.png,src,img,https://wiki3.jp/nikke/page/5613,ツバイ
https://img.wiki3.jp/nikke/D_Killer_Wife_icon_size64.png,src,img,https://wiki3.jp/nikke/page/4567,D：キラーワイフ
https://img.wiki3.jp/nikke/Phantom_icon_size64.png,src,img,https://wiki3.jp/nikke/page/5890,ファントム
https://img.wiki3.jp/nikke/Rapi_Red_Hood_icon_size64.png,src,img,https://wiki3.jp/nikke/page/6257,ラピ：レッドフード
https://img.wiki3.jp/nikke/Mast_Romantic_Maid_icon_size64.webp,src,img,https://wiki3.jp/nikke/page/6383,マスト：ロマンチックメイド
https://img.wiki3.jp/nikke/Anchor_Innocent_Maid_icon_size64.webp,src,img,https://wiki3.jp/nikke/page/6385,アンカー：イノセントメイド
https://img.wiki3.jp/nikke/Arcana_icon_size64.webp,src,img,https://wiki3.jp/nikke/page/7051,アルカナ
https://img.wiki3.jp/nikke/K_icon_size64.webp,src,img,https://wiki3.jp/nikke/page/7090,K
https://img.wiki3.jp/nikke/Sora_icon_size64.webp,src,img,https://wiki3.jp/nikke/page/7219,ソラ
https://img.wiki3.jp/nikke/Emma_Tactical_Upgrade_icon_size64.webp,src,img,https://wiki3.jp/nikke/page/7337,エマ：タクティカル・アップ
https://img.wiki3.jp/nikke/Eunhwa_Tactical_Upgrade_icon_size64.webp,src,img,https://wiki3.jp/nikke/page/7346,ウンファ：タクティカル・アップ
https://img.wiki3.jp/nikke/Vesti_Tactical_Upgrade_icon_size64.webp,src,img,https://wiki3.jp/nikke/page/7348,ベスティー：タクティカル・アップ
https://img.wiki3.jp/nikke/Delta_Ninja_Thief_icon_size64.webp,src,img,https://wiki3.jp/nikke/page/7597,デルタ：ニンジャシーフ
https://img.wiki3.jp/nikke/Soline_Frost_Ticket_icon_size64.webp,src,img,https://wiki3.jp/nikke/page/7789,ソリン：フロストチケット
https://img.wiki3.jp/nikke/Label_icon_size64.webp,src,img,https://wiki3.jp/nikke/page/7944,レーベル
https://img.wiki3.jp/nikke/E_H_icon_size64.webp,src,img,https://wiki3.jp/nikke/page/8190,E.H.
https://img.wiki3.jp/nikke/Arcana_Fortune_Mate_icon_size64.webp,src,img,https://wiki3.jp/nikke/page/8232,アルカナ：フォーチュンメイト
https://img.wiki3.jp/nikke/Avistar_icon_size64.webp,src,img,https://wiki3.jp/nikke/page/8442,アビスタ
https://img.wiki3.jp/nikke/Neon_Vision_Eye_icon_size64.webp,src,img,https://wiki3.jp/nikke/page/8443,ネオン：ビジョン・アイ
https://img.wiki3.jp/nikke/Mihara_Bonding_Chain_icon_size64.webp,src,img,https://wiki3.jp/nikke/page/6832,ミハラ：ボンディングチェーン
https://img.wiki3.jp/nikke/マクスウェル_Icon_size64.png,src,img,https://wiki3.jp/nikke/page/31,マクスウェル
https://img.wiki3.jp/nikke/ユニ_Icon_size64.png,src,img,https://wiki3.jp/nikke/page/44,ユニ
https://img.wiki3.jp/nikke/リター_Icon_size64.png,src,img,https://wiki3.jp/nikke/page/206,リター
https://img.wiki3.jp/nikke/ジュリア_Icon_size64.png,src,img,https://wiki3.jp/nikke/page/45,ジュリア
https://img.wiki3.jp/nikke/センチ_Icon_size64.png,src,img,https://wiki3.jp/nikke/page/46,センチ
https://img.wiki3.jp/nikke/ドレイク_Icon_size64.png,src,img,https://wiki3.jp/nikke/page/37,ドレイク
https://img.wiki3.jp/nikke/クロウ_Icon_size64.png,src,img,https://wiki3.jp/nikke/page/38,クロウ
https://img.wiki3.jp/nikke/ペッパー_Icon_size64.png,src,img,https://wiki3.jp/nikke/page/207,ペッパー
https://img.wiki3.jp/nikke/アドミ_Icon_size64.png,src,img,https://wiki3.jp/nikke/page/47,アドミ
https://img.wiki3.jp/nikke/ジャッカル_Icon_size64.png,src,img,https://wiki3.jp/nikke/page/1902,ジャッカル
https://img.wiki3.jp/nikke/ラプラス_Icon_size64.png,src,img,https://wiki3.jp/nikke/page/473,ラプラス
https://img.wiki3.jp/nikke/ギルティ_Icon_size64.png,src,img,https://wiki3.jp/nikke/page/1882,ギルティ
https://img.wiki3.jp/nikke/シン_Icon_size64.png,src,img,https://wiki3.jp/nikke/page/1864,シン
https://img.wiki3.jp/nikke/クエンシー_Icon_size64.png,src,img,https://wiki3.jp/nikke/page/1873,クエンシー
https://img.wiki3.jp/nikke/エヌ_ミラクルフェアリー_Icon_size64.png,src,img,https://wiki3.jp/nikke/page/1138,エヌ：ミラクルフェアリー
https://img.wiki3.jp/nikke/エピネル_Icon_size64.png,src,img,https://wiki3.jp/nikke/page/52,エピネル
https://img.wiki3.jp/nikke/ナガ_icon_size64.png,src,img,https://wiki3.jp/nikke/page/3648,ナガ
https://img.wiki3.jp/nikke/ティア_icon_size64.png,src,img,https://wiki3.jp/nikke/page/3649,ティア
https://img.wiki3.jp/nikke/Tove_icon_size64.png,src,img,https://wiki3.jp/nikke/page/4107,トーブ
https://img.wiki3.jp/nikke/Elegg_icon_size64.png,src,img,https://wiki3.jp/nikke/page/4472,エレグ
https://img.wiki3.jp/nikke/Kilo_icon_size64.png,src,img,https://wiki3.jp/nikke/page/4940,キロ
https://img.wiki3.jp/nikke/Ein_icon_size64.png,src,img,https://wiki3.jp/nikke/page/5382,アイン
https://img.wiki3.jp/nikke/Quency_escape_queen_icon_size64.png,src,img,https://wiki3.jp/nikke/page/5892,クエンシー：エスケープクイーン
https://img.wiki3.jp/nikke/Flora_icon_size64.png,src,img,https://wiki3.jp/nikke/page/6136,フローラ
https://img.wiki3.jp/nikke/Mana_icon_size64.png,src,img,https://wiki3.jp/nikke/page/6354,マナ
https://img.wiki3.jp/nikke/Trina_icon_size64.webp,src,img,https://wiki3.jp/nikke/page/6645,トリナ
https://img.wiki3.jp/nikke/Mori_icon_size64.webp,src,img,https://wiki3.jp/nikke/page/6830,モリー
https://img.wiki3.jp/nikke/Mihara_Bonding_Chain_icon_size64.webp,src,img,https://wiki3.jp/nikke/page/6832,ミハラ：ボンディングチェーン
https://img.wiki3.jp/nikke/Snow_Crane_icon_size64.webp,src,img,https://wiki3.jp/nikke/page/8346,シラツル
https://img.wiki3.jp/nikke/Neon_Vision_Eye_icon_size64.webp,src,img,https://wiki3.jp/nikke/page/8443,ネオン：ビジョン・アイ
https://img.wiki3.jp/nikke/Anis_Star_icon_size64.webp,src,img,https://wiki3.jp/nikke/page/8434,アニス：スター
https://img.wiki3.jp/nikke/シュガー_Icon_size64.png,src,img,https://wiki3.jp/nikke/page/23,シュガー
https://img.wiki3.jp/nikke/エクシア_Icon_size64.png,src,img,https://wiki3.jp/nikke/page/48,エクシア
https://img.wiki3.jp/nikke/アリス_Icon_size64.png,src,img,https://wiki3.jp/nikke/page/49,アリス
https://img.wiki3.jp/nikke/プリム_Icon_size64.png,src,img,https://wiki3.jp/nikke/page/50,プリム
https://img.wiki3.jp/nikke/メアリー_Icon_size64.png,src,img,https://wiki3.jp/nikke/page/40,メアリー
https://img.wiki3.jp/nikke/ミルク_Icon_size64.png,src,img,https://wiki3.jp/nikke/page/208,ミルク
https://img.wiki3.jp/nikke/ユルハ_Icon_size64.png,src,img,https://wiki3.jp/nikke/page/209,ユルハ
https://img.wiki3.jp/nikke/ルドミラ_Icon_size64.png,src,img,https://wiki3.jp/nikke/page/32,ルドミラ
https://img.wiki3.jp/nikke/ルピー_Icon_size64.png,src,img,https://wiki3.jp/nikke/page/210,ルピー
https://img.wiki3.jp/nikke/ヤン_Icon_size64.png,src,img,https://wiki3.jp/nikke/page/51,ヤン
https://img.wiki3.jp/nikke/ドラー_Icon_size64.png,src,img,https://wiki3.jp/nikke/page/211,ドラー
https://img.wiki3.jp/nikke/ノベル_Icon_size64.png,src,img,https://wiki3.jp/nikke/page/212,ノベル
https://img.wiki3.jp/nikke/フォルクヴァン_Icon_size64.png,src,img,https://wiki3.jp/nikke/page/213,フォルクヴァン
https://img.wiki3.jp/nikke/アリア_Icon_size64.png,src,img,https://wiki3.jp/nikke/page/22,アリア
https://img.wiki3.jp/nikke/ノイズ_Icon_size64.png,src,img,https://wiki3.jp/nikke/page/53,ノイズ
https://img.wiki3.jp/nikke/ボリューム_Icon_size64.png,src,img,https://wiki3.jp/nikke/page/54,ボリューム
https://img.wiki3.jp/nikke/バイパー_Icon_size64.png,src,img,https://wiki3.jp/nikke/page/1889,バイパー
https://img.wiki3.jp/nikke/ココア_Icon_size64.jpg,src,img,https://wiki3.jp/nikke/page/2133,ココア
https://img.wiki3.jp/nikke/ソーダ_icon_size64.jpg,src,img,https://wiki3.jp/nikke/page/2164,ソーダ
https://img.wiki3.jp/nikke/ビスケット_Icon_size64.png,src,img,https://wiki3.jp/nikke/page/2510,ビスケット
https://img.wiki3.jp/nikke/サクラ_Icon_size64.png,src,img,https://wiki3.jp/nikke/page/2574,サクラ
https://img.wiki3.jp/nikke/ライ_Icon_size64.png,src,img,https://wiki3.jp/nikke/page/2725,ライ
https://img.wiki3.jp/nikke/ブラン_icon_size64.png,src,img,https://wiki3.jp/nikke/page/2917,ブラン
https://img.wiki3.jp/nikke/ノワール_icon_size64.png,src,img,https://wiki3.jp/nikke/page/2938,ノワール
https://img.wiki3.jp/nikke/ロザンナ_icon_size64.png,src,img,https://wiki3.jp/nikke/page/2996,ロザンナ
https://img.wiki3.jp/nikke/ネロ_Icon_size64.png,src,img,https://wiki3.jp/nikke/page/3139,ネロ
https://img.wiki3.jp/nikke/Leona_icon_size64.png,src,img,https://wiki3.jp/nikke/page/4268,レオナ
https://img.wiki3.jp/nikke/Moran_icon_size64.png,src,img,https://wiki3.jp/nikke/page/4292,モラン
https://img.wiki3.jp/nikke/Ade_icon_size64.png,src,img,https://wiki3.jp/nikke/page/4369,エード
https://img.wiki3.jp/nikke/Bay_icon_size64.png,src,img,https://wiki3.jp/nikke/page/4738,ベイ
https://img.wiki3.jp/nikke/Soda_Twinkling_Bunny_icon_size64.png,src,img,https://wiki3.jp/nikke/page/5157,ソーダ：トゥインクルバニー
https://img.wiki3.jp/nikke/Alice_Wonderland_Bunny_icon_size64.png,src,img,https://wiki3.jp/nikke/page/5167,アリス：ワンダーランドバニー
https://img.wiki3.jp/nikke/Clay_icon_size64.png,src,img,https://wiki3.jp/nikke/page/5260,クレイ
https://img.wiki3.jp/nikke/Rouge_icon_size64.png,src,img,https://wiki3.jp/nikke/page/5876,ルージュ
https://img.wiki3.jp/nikke/Rumani_icon_size64.png,src,img,https://wiki3.jp/nikke/page/5979,ルマニ
https://img.wiki3.jp/nikke/Bready_icon_size64.webp,src,img,https://wiki3.jp/nikke/page/6683,ブレッディ
https://img.wiki3.jp/nikke/Crust_icon_size64.webp,src,img,https://wiki3.jp/nikke/page/6784,クラスト
https://img.wiki3.jp/nikke/Ade_Agent_Bunny_icon_size64.webp,src,img,https://wiki3.jp/nikke/page/7426,エード：エージェントバニー
https://img.wiki3.jp/nikke/Milk_Blooming_Bunny_icon_size64.webp,src,img,https://wiki3.jp/nikke/page/7435,ミルク：ブルーミングバニー
https://img.wiki3.jp/nikke/Velvet_icon_size64.webp,src,img,https://wiki3.jp/nikke/page/7994,ベルベット
https://img.wiki3.jp/nikke/Anis_Star_icon_size64.webp,src,img,https://wiki3.jp/nikke/page/8434,アニス：スター
https://img.wiki3.jp/nikke/Mint_icon_size64.webp,src,img,https://wiki3.jp/nikke/page/8546,ミント
https://img.wiki3.jp/nikke/Prika_icon_size64.webp,src,img,https://wiki3.jp/nikke/page/8550,プリカ
https://img.wiki3.jp/nikke/スノーホワイト_Icon_size64.png,src,img,https://wiki3.jp/nikke/page/55,スノーホワイト
https://img.wiki3.jp/nikke/イサベル_Icon_size64.png,src,img,https://wiki3.jp/nikke/page/214,イサベル
https://img.wiki3.jp/nikke/ラプンツェル_Icon_size64.png,src,img,https://wiki3.jp/nikke/page/215,ラプンツェル
https://img.wiki3.jp/nikke/紅蓮_Icon_size64.png,src,img,https://wiki3.jp/nikke/page/35,紅蓮
https://img.wiki3.jp/nikke/ハラン_Icon_size64.png,src,img,https://wiki3.jp/nikke/page/56,ハラン
https://img.wiki3.jp/nikke/ノア_Icon_size64.png,src,img,https://wiki3.jp/nikke/page/57,ノア
https://img.wiki3.jp/nikke/モダニア_Icon_size64.png,src,img,https://wiki3.jp/nikke/page/1653,モダニア
https://img.wiki3.jp/nikke/ニヒリスター_Icon_size64.png,src,img,https://wiki3.jp/nikke/page/2564,ニヒリスター
https://img.wiki3.jp/nikke/ドロシー_Icon_size64.png,src,img,https://wiki3.jp/nikke/page/2711,ドロシー
https://img.wiki3.jp/nikke/Red_Hood_icon_size64.png,src,img,https://wiki3.jp/nikke/page/3866,レッドフード
https://img.wiki3.jp/nikke/Snow_White_Innocent_Days_icon_size64.png,src,img,https://wiki3.jp/nikke/page/3867,スノーホワイト：イノセントデイズ
https://img.wiki3.jp/nikke/Scarlet_Black_Shadow_icon_size64.png,src,img,https://wiki3.jp/nikke/page/4223,紅蓮：ブラックシャドウ
https://img.wiki3.jp/nikke/Crown_icon_size64.png,src,img,https://wiki3.jp/nikke/page/4929,クラウン
https://img.wiki3.jp/nikke/Rapunzel_Pure_Grace_icon_size64.png,src,img,https://wiki3.jp/nikke/page/6024,ラプンツェル：ピュアグレイス
https://img.wiki3.jp/nikke/Cinderella_icon_size64.png,src,img,https://wiki3.jp/nikke/page/6022,シンデレラ
https://img.wiki3.jp/nikke/Grave_icon_size64.png,src,img,https://wiki3.jp/nikke/page/6023,グレイブ
https://img.wiki3.jp/nikke/Little_Mermaid_icon_size64.webp,src,img,https://wiki3.jp/nikke/page/6826,リトルマーメイド
https://img.wiki3.jp/nikke/Nayuta_icon_size64.webp,src,img,https://wiki3.jp/nikke/page/7669,ナユタ
https://img.wiki3.jp/nikke/Liberalio_icon_size64.webp,src,img,https://wiki3.jp/nikke/page/7672,リバーレリオ
https://img.wiki3.jp/nikke/Chime_icon_size64.webp,src,img,https://wiki3.jp/nikke/page/7670,チャイム
https://img.wiki3.jp/nikke/Snow_White_Heavy_Arms_icon_size64.webp,src,img,https://wiki3.jp/nikke/page/7902,スノーホワイト：ヘビーアームズ
https://img.wiki3.jp/nikke/マキマ_Icon_size64.png,src,img,https://wiki3.jp/nikke/page/2350,マキマ
https://img.wiki3.jp/nikke/パワー_Icon_size64.png,src,img,https://wiki3.jp/nikke/page/2342,パワー
https://img.wiki3.jp/nikke/2B_icon_size64.png,src,img,https://wiki3.jp/nikke/page/3425,2B
https://img.wiki3.jp/nikke/A2_icon_size64.png,src,img,https://wiki3.jp/nikke/page/3435,A2
https://img.wiki3.jp/nikke/Emilia_icon_size64.png,src,img,https://wiki3.jp/nikke/page/4616,エミリア
https://img.wiki3.jp/nikke/Rem_icon_size64.png,src,img,https://wiki3.jp/nikke/page/4624,レム
https://img.wiki3.jp/nikke/Asuka_Shikinami_Langley_icon_size64.png,src,img,https://wiki3.jp/nikke/page/5711,アスカ
https://img.wiki3.jp/nikke/Rei_Ayanami_icon_size64.png,src,img,https://wiki3.jp/nikke/page/5719,綾波レイ
https://img.wiki3.jp/nikke/Mari_Makinami_Illustrious_icon_size64.png,src,img,https://wiki3.jp/nikke/page/5727,マリ
https://img.wiki3.jp/nikke/Asuka_Shikinami_Langley_WILLEE_icon_size64.webp,src,img,https://wiki3.jp/nikke/page/6486,式波・アスカ・ラングレー：WILLE
https://img.wiki3.jp/nikke/Rei_Ayanami_Tentative_Name_icon_size64.webp,src,img,https://wiki3.jp/nikke/page/6487,アヤナミレイ(仮称)
https://img.wiki3.jp/nikke/Sakura_Suzuhara_icon_size64.webp,src,img,https://wiki3.jp/nikke/page/6488,鈴原サクラ
https://img.wiki3.jp/nikke/EVE_icon_size64.webp,src,img,https://wiki3.jp/nikke/page/7132,イヴ
https://img.wiki3.jp/nikke/RAVEN_icon_size64.webp,src,img,https://wiki3.jp/nikke/page/7134,レイヴン
https://img.wiki3.jp/nikke/Ada_Wong_icon_size64.webp,src,img,https://wiki3.jp/nikke/page/7512,エイダ・ウォン
https://img.wiki3.jp/nikke/Jill_Valentine_icon_size64.webp,src,img,https://wiki3.jp/nikke/page/7513,ジル・バレンタイン
https://img.wiki3.jp/nikke/錦木千束_icon_size64.webp,src,img,https://wiki3.jp/nikke/page/8055,錦木千束
https://img.wiki3.jp/nikke/井ノ上たきな_icon_size64.webp,src,img,https://wiki3.jp/nikke/page/8057,井ノ上たきな
https://img.wiki3.jp/nikke/アニス_スパークリングサマー_icon_size64.png,src,img,https://wiki3.jp/nikke/page/3261,アニス：スパークリングサマー
https://img.wiki3.jp/nikke/メアリー_ベイゴッデス_icon_size64.png,src,img,https://wiki3.jp/nikke/page/3042,メアリー：ベイゴッデス
https://img.wiki3.jp/nikke/ネオン_ブルーオーシャン_icon_size64.png,src,img,https://wiki3.jp/nikke/page/3052,ネオン：ブルーオーシャン
https://img.wiki3.jp/nikke/ヘルム_アクアマリン_icon_size64.png,src,img,https://wiki3.jp/nikke/page/3276,ヘルム：アクアマリン
https://img.wiki3.jp/nikke/Rosanna_Chic_Ocean_icon_size64.png,src,img,https://wiki3.jp/nikke/page/5288,ロザンナ：シックオーシャン
https://img.wiki3.jp/nikke/Sakura_Bloom_in_Summer_icon_size64.png,src,img,https://wiki3.jp/nikke/page/5286,サクラ：ブルーム・イン・サマー
https://img.wiki3.jp/nikke/Dorothy_Serendipity_icon_size64.webp,src,img,https://wiki3.jp/nikke/page/7263,ドロシー：セレンディピティ
https://img.wiki3.jp/nikke/Elegg_Boom_and_Shock_icon_size64.webp,src,img,https://wiki3.jp/nikke/page/7265,エレグ：ブーム・アンド・ショック
https://img.wiki3.jp/nikke/ルピー_ウィンターショッパー_Icon_size64.png,src,img,https://wiki3.jp/nikke/page/988,ルピー：ウィンターショッパー
https://img.wiki3.jp/nikke/エヌ_ミラクルフェアリー_Icon_size64.png,src,img,https://wiki3.jp/nikke/page/1138,エヌ：ミラクルフェアリー
https://img.wiki3.jp/nikke/Mica_Snow_Buddy_icon_size64.png,src,img,https://wiki3.jp/nikke/page/4156,ミカ：スノーバディ
https://img.wiki3.jp/nikke/Ludmilla_Winter_Owner_icon_size64.png,src,img,https://wiki3.jp/nikke/page/4155,ルドミラ：ウィンターオーナー
https://img.wiki3.jp/nikke/Maiden_Ice_Rose_icon_size64.png,src,img,https://wiki3.jp/nikke/page/6182,メイデン：アイスローズ
https://img.wiki3.jp/nikke/Guillotine_Winter_Slayer_icon_size64.png,src,img,https://wiki3.jp/nikke/page/6184,ギロチン：ウィンタースレイヤー
https://img.wiki3.jp/nikke/Diesel_Winter_Sweets_icon_size64.webp,src,img,https://wiki3.jp/nikke/page/7836,ディーゼル：ウィンタースイーツ
https://img.wiki3.jp/nikke/Brid_Silent_Track_icon_size64.webp,src,img,https://wiki3.jp/nikke/page/7837,ブリッド：サイレントトラック
https://img.wiki3.jp/nikke/ラピ_Icon_size64.png,src,img,https://wiki3.jp/nikke/page/9,
https://img.wiki3.jp/nikke/アニス_Icon_size64.png,src,img,https://wiki3.jp/nikke/page/11,
https://img.wiki3.jp/nikke/ネオン_Icon_size64.png,src,img,https://wiki3.jp/nikke/page/10,
https://img.wiki3.jp/nikke/ラピ_Icon_size64.png,src,img,https://wiki3.jp/nikke/page/9,ラピ
https://img.wiki3.jp/nikke/ネオン_Icon_size64.png,src,img,https://wiki3.jp/nikke/page/10,ネオン
https://img.wiki3.jp/nikke/デルタ_Icon_size64.png,src,img,https://wiki3.jp/nikke/page/12,デルタ
https://img.wiki3.jp/nikke/アンカー_icon_size64.png,src,img,https://wiki3.jp/nikke/page/3286,アンカー
https://img.wiki3.jp/nikke/ミハラ_Icon_size64.png,src,img,https://wiki3.jp/nikke/page/58,ミハラ
https://img.wiki3.jp/nikke/N102_Icon_size64.png,src,img,https://wiki3.jp/nikke/page/39,N102
https://img.wiki3.jp/nikke/エーテル_Icon_size64.png,src,img,https://wiki3.jp/nikke/page/59,エーテル
https://img.wiki3.jp/nikke/アニス_Icon_size64.png,src,img,https://wiki3.jp/nikke/page/11,アニス
https://img.wiki3.jp/nikke/ベロータ_Icon_size64.png,src,img,https://wiki3.jp/nikke/page/19,ベロータ
https://img.wiki3.jp/nikke/ミカ_Icon_size64.png,src,img,https://wiki3.jp/nikke/page/20,ミカ
https://img.wiki3.jp/nikke/ネヴェ_Icon_size64.png,src,img,https://wiki3.jp/nikke/page/820,ネヴェ
https://img.wiki3.jp/nikke/姫野_Icon_size64.png,src,img,https://wiki3.jp/nikke/page/2360,姫野
https://img.wiki3.jp/nikke/パスカル_icon_size64.png,src,img,https://wiki3.jp/nikke/page/3445,パスカル
https://img.wiki3.jp/nikke/Ram_icon_size64.png,src,img,https://wiki3.jp/nikke/page/4634,ラム
https://img.wiki3.jp/nikke/Misato_Katsuragi_icon_size64.png,src,img,https://wiki3.jp/nikke/page/5740,葛城ミサト
https://img.wiki3.jp/nikke/LILY_icon_size64.webp,src,img,https://wiki3.jp/nikke/page/7136,リリー
https://img.wiki3.jp/nikke/Claire_Redfield_icon_size64.webp,src,img,https://wiki3.jp/nikke/page/7514,クレア・レッドフィールド
https://img.wiki3.jp/nikke/KURUMI_icon_size64.webp,src,img,https://wiki3.jp/nikke/page/8059,クルミ
https://img.wiki3.jp/nikke/ソルジャーEG_Icon_size64.png,src,img,https://wiki3.jp/nikke/page/75,ソルジャーE.G.
https://img.wiki3.jp/nikke/ソルジャーFA_Icon_size64.png,src,img,https://wiki3.jp/nikke/page/74,ソルジャーF.A.
https://img.wiki3.jp/nikke/ソルジャーOW_Icon_size64.png,src,img,https://wiki3.jp/nikke/page/73,ソルジャーO.W.
https://img.wiki3.jp/nikke/プロダクト08_Icon_size64.png,src,img,https://wiki3.jp/nikke/page/72,プロダクト08
https://img.wiki3.jp/nikke/プロダクト12_Icon_size64.png,src,img,https://wiki3.jp/nikke/page/71,プロダクト12
https://img.wiki3.jp/nikke/プロダクト23_Icon_size64.png,src,img,https://wiki3.jp/nikke/page/70,プロダクト23
https://img.wiki3.jp/nikke/I_DOLL_フラワー_Icon_size64.png,src,img,https://wiki3.jp/nikke/page/69,I-DOLL・フラワー
https://img.wiki3.jp/nikke/I_DOLL_オーシャン_Icon_size64.png,src,img,https://wiki3.jp/nikke/page/61,I-DOLL・オーシャン
https://img.wiki3.jp/nikke/I_DOLL_サン_Icon_size64.png,src,img,https://wiki3.jp/nikke/page/60,I-DOLL・サン
https://img.wiki3.jp/nikke/シフティー_icon_size64.png,src,img,https://wiki3.jp/nikke/page/2626,シフティー
https://img.wiki3.jp/nikke/Syuen_icon_size64.png,src,img,https://wiki3.jp/nikke/page/4716,シュエン
https://img.wiki3.jp/nikke/Mecha_Shifty_icon_size64.webp,src,img,https://wiki3.jp/nikke/page/6757,メカシフティー
https://img.wiki3.jp/nikke/Mekami_Shifty_icon_size64.webp,src,img,https://wiki3.jp/nikke/page/8283,メカミシフティー
